squat_id,descent_time,ascent_time,total_time,tempo_ratio,min_knee,max_trunk
4,0.6000000000000005,1.1679999999999993,1.7679999999999998,0.5136986301369871,76.22496816742728,51.65997281079201
5,0.7010000000000005,1.5350000000000001,2.2360000000000007,0.45667752442996773,71.5379010549076,55.625729937918095
6,0.5340000000000007,1.600999999999999,2.135,0.33354153653966334,65.73698082242126,54.927464025694555
7,0.5339999999999989,1.3350000000000009,1.8689999999999998,0.3999999999999989,70.94161936838546,59.69947393294196
