{
  "imu0": {
    "acc_offset": [
      0.051297658862876246,
      -8.333688963210703,
      -5.26428762541806
    ],
    "gyro_offset": [
      -0.0038695652173913043,
      -0.03667224080267559,
      -0.011110367892976588
    ],
    "axis_sign": [
      1,
      1,
      1
    ]
  },
  "imu1": {
    "acc_offset": [
      0.06419397993311035,
      9.785441471571906,
      -0.3159397993311037
    ],
    "gyro_offset": [
      -0.003217391304347826,
      -0.04316722408026757,
      0.02540468227424749
    ],
    "axis_sign": [
      1,
      -1,
      1
    ]
  }
}