{
  "imu0": {
    "acc_offset": [
      -1.44678073089701,
      9.392558139534882,
      -1.576063122923588
    ],
    "gyro_offset": [
      0.005561461794019933,
      -0.04581727574750831,
      -0.019946843853820596
    ],
    "axis_sign": [
      1,
      1,
      1
    ]
  },
  "imu1": {
    "acc_offset": [
      -0.048019933554817276,
      -10.03594684385382,
      0.150843853820598
    ],
    "gyro_offset": [
      0.004644518272425249,
      -0.03636212624584718,
      0.011109634551495015
    ],
    "axis_sign": [
      1,
      -1,
      -1
    ]
  }
}